0;5977.44;18350.7;47345.1
1;6097.63;16198.3;46090.2
2;6110.91;14615.3;46090.2
3;5538.69;13673.4;32404
4;5065.36;13014;30581.2
5;5423.86;12524.7;25697.1
6;5004.02;12035.7;25697.1
7;5004.02;11727.6;25879.1
8;5935.53;11258.9;23373
9;5001.71;11017.7;22883.3
10;4806.08;10732.3;22483.5
11;4806.08;10515.7;22648.5
12;5198.35;10173.6;19885.5
13;3499.43;9951.13;19924.9
14;4063.57;9783.89;19924.9
15;4308.75;9615.52;16977.5
16;4288.05;9336.58;17056.2
17;4120.25;9137.45;17056.2
18;4120.25;9073.19;17056.2
19;4120.25;8894.9;16983.4
20;2796.58;8827.79;16772.4
21;3494.01;8763.43;15296.2
22;3494.01;8654.33;15257.1
23;3518.5;8477.14;15204.5
24;3323.45;8463.01;14437.2
25;3323.45;8389.12;15535.7
26;3503.71;8309.34;14437.2
27;3503.71;8274.59;14634.5
28;3503.71;8223.9;14363.8
29;3812.46;8099.47;13717.3
30;3419.83;8091.01;14219.6
31;3269.24;8054.95;14219.6
32;3269.24;8026.65;14219.6
33;3269.24;7913.87;14219.6
34;3360.92;7892.5;14219.6
35;3723.17;7769.45;14390.4
36;3781.83;7740.69;14390.4
37;3758.77;7693.64;14390.4
38;3113.38;7595.21;13399.6
39;3159.35;7516.38;13364.2
40;3159.35;7457.1;13364.2
41;3060.48;7447.17;14088
42;3106.01;7436.2;13902.6
43;3106.01;7439.53;13262.3
44;2769.47;7414.58;13262.3
45;2769.47;7376.95;13262.3
46;2769.47;7309.15;13262.3
47;2769.47;7276.41;13262.3
48;3149.79;7250.12;13262.3
49;2971.02;7209.3;13262.3
50;3336.44;7166.23;13262.3
51;3336.44;7122.56;12517.6
52;3236.27;7055.34;12374.6
53;3236.27;7011.65;12374.6
54;3236.27;6943.65;12374.6
55;3477.99;6926.87;12374.6
56;3542.36;6881.19;12291.6
57;3254.02;6805.09;11315.4
58;3254.02;6794.73;11285.5
59;3253.63;6764.57;11348.1
60;3253.63;6752.52;11348.1
61;3253.63;6688.34;11123
62;3383.63;6680.31;11150.3
63;3363.06;6681.67;11150.3
64;3363.06;6622.87;11150.3
65;3567.02;6548.53;10943.8
66;3830.6;6485.83;10934.8
67;3542.12;6515.23;10934.8
68;3738.06;6466.03;11393.5
69;3738.06;6467.54;10912.2
70;3230.26;6411.4;10508.2
71;3230.26;6329.82;10508.2
72;3396.49;6335.53;10573.8
73;3396.49;6315.57;10332.7
74;3270.04;6270.62;10759.8
75;3396.49;6254.96;10759.8
76;3200.83;6271.57;10533.7
77;3200.83;6238.74;10702.4
78;3178.79;6175.01;10707.8
79;3178.79;6179.39;10921.9
80;3178.79;6134.43;10470.1
81;3178.79;6118.73;11326.9
82;3149.47;6093.83;10943.9
83;3149.47;6079.1;10959.6
84;2763.19;6064.55;10959.6
85;2894.06;6028.26;10959.6
86;2859.91;6002.2;9952.69
87;2859.91;6011.9;9952.69
88;3014.74;5951.1;9952.69
89;3014.74;5903.69;9768.74
90;2477.38;5860.32;9979.96
91;2511.19;5815.19;10213.9
92;2471.17;5777.66;10213.9
93;2471.17;5727.86;10174.9
94;2471.17;5702.91;10174.9
95;2471.17;5666.65;10512.3
96;2471.17;5631.27;10174.9
97;2460.79;5588.06;10174.9
98;2693.62;5555.73;10174.9
99;2496.37;5498.86;10466.4
100;2458.66;5461.17;10485.1
101;2458.66;5426.77;10485.1
102;2458.66;5406.63;10417.5
103;2458.66;5422.44;10417.5
104;2288.3;5402.03;11283.4
105;2288.3;5364.17;10775.2
106;2252.64;5353.77;10775.2
107;2409.46;5336.95;10775.2
108;2343.78;5298.51;10775.2
109;2191.04;5269.47;10775.2
110;2191.04;5221.48;10592.9
111;2224.46;5212.92;10592.9
112;2224.46;5179.73;10570.8
113;2224.46;5144.35;9299.93
114;2229.62;5125.24;9363.26
115;2182.21;5106.66;9363.26
116;2182.21;5108.59;9362.89
117;2217.45;5085.08;8899.46
118;2155.93;5060.58;8899.46
119;2321.83;5032.7;8958.55
120;2321.83;4995.34;8958.55
121;2321.83;4966.97;8771.28
122;2321.83;4964.58;8771.28
123;2341.08;4944.14;8771.28
124;2130.43;4911.58;8726.06
125;2130.43;4894.3;8648.68
126;1992.72;4823.56;8648.68
127;2258.04;4809.91;8648.68
128;2258.04;4798.61;8648.68
129;2364.78;4790.48;8648.68
130;2426.69;4758.84;8929.3
131;2438.35;4752.5;8919.69
132;2438.35;4714.43;8919.69
133;2438.35;4708.58;8919.69
134;2528.78;4686.27;8919.69
135;2543.56;4649.57;7805.74
136;2535.37;4631.76;7558.5
137;2454.38;4582.63;7505.22
138;2474.63;4570.14;7505.22
139;2474.63;4549.24;7320.9
140;2343.54;4546.04;7320.9
141;1899.57;4495.09;7736.68
142;1916.58;4436.14;7320.9
143;1972.95;4404.08;7320.9
144;1972.95;4392.34;7320.9
145;1972.95;4359.88;7154.89
146;2061.32;4330.82;7350.4
147;2123.95;4329.53;8005.7
148;2123.95;4311.03;8005.7
149;2123.95;4276.82;7792.75
150;2123.95;4221.29;7792.75
151;2123.95;4200.11;7792.75
152;2123.95;4189.27;7602.58
153;2123.95;4167.27;7602.58
154;1859.84;4150.17;7497.87
155;1859.84;4125.11;7497.87
156;1859.84;4112.64;7088.31
157;1859.84;4078.46;6329.2
158;1859.84;4059.93;6329.2
159;1859.84;4036.19;6329.2
160;1847.45;3995.54;6371.52
161;1017.82;3965.7;6371.52
162;1017.82;3960.76;6371.52
163;1017.82;3949.59;6530.35
164;1017.82;3919.2;6318.53
165;970.434;3891.93;6318.53
166;970.434;3891.42;6318.53
167;970.434;3849.71;6558.99
168;970.434;3846.87;6558.99
169;1225.2;3841.71;6650.19
170;1128.11;3846.22;6650.19
171;1128.11;3803.69;6654.53
172;1128.11;3774.76;6654.53
173;1128.11;3752.01;6654.53
174;1128.11;3737.5;6654.53
175;1128.11;3731.36;6681.56
176;1014.36;3703.92;6618.46
177;1014.36;3672.5;6494.81
178;1014.36;3659.57;6494.81
179;1014.36;3645.85;6494.81
180;1014.36;3636.62;6494.81
181;1039.41;3611.29;6396.29
182;1039.41;3609.53;5965.71
183;1039.41;3592.46;5712.33
184;909.196;3579.21;5712.33
185;909.196;3564.18;5646.96
186;909.196;3547.03;5949.29
187;909.196;3541.96;5757.74
188;909.196;3535.03;5757.74
189;909.196;3505.08;5671.53
190;909.196;3484.53;5671.53
191;909.196;3458.11;5671.53
192;909.196;3438.89;5671.53
193;909.196;3405.03;6264.57
194;909.196;3385.55;6566.94
195;909.196;3375.2;6603.16
196;909.196;3364.77;6603.16
197;909.196;3335.14;6320.15
198;909.196;3316.93;6270.1
199;909.196;3289.43;6114.11
200;909.196;3272.66;5671.53
201;909.196;3259.6;5671.53
202;909.196;3252.23;5383.52
203;927.529;3242.82;5417.44
204;927.529;3212.98;5378.09
205;927.529;3186.6;5378.09
206;927.529;3168.02;5378.09
207;1011.53;3162.91;5378.09
208;1011.53;3132.56;5177.16
209;1011.53;3112.49;5100.34
210;1011.53;3112.58;5338.42
211;1011.53;3098.17;5338.42
212;1011.53;3085.85;5292.79
213;1011.53;3070.3;5135.41
214;1011.53;3062.01;5135.41
215;1011.53;3035.17;5135.41
216;952.248;3022.39;5135.41
217;952.248;3003.7;5135.41
218;1011.53;2987.9;5135.41
219;1011.53;2965.68;5135.41
220;1011.53;2949.43;5135.41
221;1011.53;2934.75;5135.41
222;1011.53;2912.99;5135.41
223;1011.53;2899.52;5223.59
224;1011.53;2884.43;5223.59
225;1011.53;2871.75;5223.59
226;992.934;2850.33;5223.59
227;1148.36;2820.6;5223.59
228;1142.82;2801.51;5325.89
229;1142.82;2779.6;5325.89
230;1142.82;2765.7;5325.89
231;1142.82;2750.41;5325.89
232;1142.82;2735.89;5325.89
233;1137.38;2723.59;5325.89
234;1137.38;2707.47;5325.89
235;706.887;2684.79;5325.89
236;708.942;2676.4;5325.89
237;708.942;2652.53;5325.89
238;708.942;2638.88;5325.89
239;613.812;2624.01;5325.89
240;613.812;2612.51;5318.18
241;613.812;2599.88;5318.18
242;635.514;2589.7;5318.18
243;635.514;2578.24;5318.18
244;635.514;2563.75;4794.35
245;597.141;2539.66;4794.35
246;484.472;2525.08;4794.35
247;484.472;2510.28;4818.76
248;484.472;2501.92;4818.76
249;484.472;2486.37;4818.76
250;446.545;2474.78;4970.37
251;446.545;2454.35;4970.37
252;446.545;2437.52;4970.37
253;446.545;2427.29;4970.37
254;449.026;2412.62;4970.37
255;449.026;2401.92;4970.37
256;449.026;2393.99;4832.4
257;449.026;2385.21;4832.4
258;449.026;2368.56;4828.33
259;449.026;2355.12;4828.33
260;423.44;2339.66;4828.33
261;423.44;2334.83;4804.66
262;423.44;2311.63;4843.02
263;423.44;2293.15;4843.02
264;604.71;2284.4;4843.02
265;288.381;2268.21;4843.02
266;349.588;2258.2;4843.02
267;349.588;2240.35;4843.02
268;349.588;2218;4843.02
269;-183.979;2201.92;4843.02
270;-183.979;2187.24;4677.65
271;-183.979;2178.24;4677.65
272;-183.979;2164.31;4769.98
273;-183.979;2150.2;4769.98
274;-256.861;2140.13;4696
275;-256.861;2127.07;4627.89
276;-256.861;2107.21;4627.89
277;-384.773;2086.45;4627.89
278;-384.773;2075.98;4627.89
279;-685.295;2063.39;4627.89
280;-685.295;2051.73;4573.46
281;-685.295;2040.35;4573.46
282;-685.295;2034.98;4573.46
283;-685.295;2025.15;4403.28
284;-834.498;2011.58;4403.28
285;-834.498;1999.93;4403.28
286;-834.498;1992.66;4383.47
287;-834.498;1982.12;4320.58
288;-834.498;1974.89;4320.58
289;-834.498;1961.29;4320.58
290;-834.498;1952.86;4320.58
291;-834.498;1938.76;4320.58
292;-834.498;1925.42;4320.58
293;-834.498;1919.59;4320.58
294;-838.517;1912.62;4320.58
295;-838.517;1901.18;4318.72
296;-838.517;1891.15;4318.72
297;-838.517;1875.13;4221.79
298;-838.517;1859.31;4221.79
299;-838.517;1837.85;4221.79
300;-838.517;1831.77;4221.79
301;-838.517;1816.75;4116.39
302;-838.517;1808.44;4116.39
303;-838.517;1798.12;4116.39
304;-838.517;1784;3964.32
305;-838.517;1776.76;3964.32
306;-838.517;1767.65;3964.32
307;-838.517;1758.02;3964.32
308;-838.517;1747.47;3964.32
309;-838.517;1733.86;3964.32
310;-838.517;1718.07;3964.89
311;-838.517;1708.45;3964.89
312;-770.096;1699.9;3964.89
313;-770.096;1685.16;3964.89
314;-770.096;1676.45;3964.89
315;-770.096;1665.21;3906.18
316;-770.096;1654.74;3858.4
317;-770.096;1639.77;3858.4
318;-770.096;1630.34;3802.85
319;-770.096;1618.31;3802.85
320;-770.096;1605.47;3802.85
321;-770.096;1599.01;3802.85
322;-770.096;1590.43;3868.4
323;-770.096;1575.62;3802.85
324;-770.096;1561.88;3859.25
325;-770.096;1553.73;3859.25
326;-770.096;1539.52;3859.25
327;-770.096;1523.26;3814.5
328;-770.096;1516.01;3814.5
329;-770.096;1503.37;3814.5
330;-770.096;1494.43;3814.5
331;-770.096;1478.7;3802.85
332;-770.096;1473.86;3802.85
333;-770.096;1462.97;3802.85
334;-770.096;1456.68;3803.89
335;-900.458;1443.56;3803.89
336;-900.458;1436.52;3803.89
337;-900.458;1424.78;3803.89
338;-900.458;1409.34;3803.89
339;-900.458;1399.56;3803.89
340;-900.458;1392.67;3803.89
341;-900.458;1382.33;3803.89
342;-900.458;1370.36;3788.41
343;-900.458;1363.13;3788.41
344;-900.458;1351.24;3788.41
345;-900.458;1345.63;3816.17
346;-900.458;1338.31;3816.17
347;-900.458;1332.36;3816.17
348;-977.462;1318.95;3816.17
349;-977.462;1312.67;3816.17
350;-977.462;1302.98;3816.17
351;-977.462;1287.39;3816.17
352;-977.462;1276.64;3816.17
353;-977.462;1266.57;3816.17
354;-977.462;1257.73;3816.17
355;-977.462;1260.17;5230.81
356;-977.462;1251.33;5230.81
357;-977.462;1239.46;5230.81
358;-977.462;1233.72;5230.81
359;-977.462;1224.36;4855.51
360;-1010.64;1212.4;4646.6
361;-1010.64;1199.55;4646.6
362;-1010.64;1193.64;4646.6
363;-1010.64;1183.21;4646.6
364;-1010.64;1179.66;4646.6
365;-1010.64;1171.07;4568.96
366;-1010.64;1161.13;4568.96
367;-1045.77;1153.55;4568.96
368;-1045.77;1145.73;4450.79
369;-1045.77;1135.42;4450.79
370;-1045.77;1125.61;4450.79
371;-1045.77;1118.02;4450.79
372;-1045.77;1111.23;4450.79
373;-1045.77;1101.37;4450.79
374;-1045.77;1089.58;4450.79
375;-1045.77;1082.06;4450.79
376;-1045.77;1073.95;4465.6
377;-1045.77;1068.48;4465.6
378;-1045.77;1064.68;4465.6
379;-995.872;1060.1;4465.6
380;-995.872;1052.61;4260.44
381;-995.872;1045.07;4260.44
382;-995.872;1032.29;4260.44
383;-1100.93;1027.98;4260.44
384;-1100.93;1022.85;4260.44
385;-1100.93;1014.12;3871.94
386;-1100.93;1009.92;3808.34
387;-1100.93;1001.16;3808.34
388;-1100.93;996.186;3808.34
389;-1100.93;989.897;3808.34
390;-1100.93;985.842;3761.64
391;-1100.93;979.185;3761.64
392;-1100.93;972.303;3761.64
393;-1100.93;967.964;3761.64
394;-1100.93;960.823;3717.96
395;-1100.93;958.281;3717.96
396;-1100.93;945.508;3717.96
397;-1100.93;937.957;3717.96
398;-1100.93;932.497;3717.96
399;-1100.93;926.739;3717.96
400;-1100.93;922.368;3717.96
401;-1100.93;917.95;3717.96
402;-1100.93;908.792;3717.96
403;-1100.93;904.571;3717.96
404;-1100.93;900.943;3717.96
405;-1100.93;894.82;3717.96
406;-1126.88;884.539;3427.06
407;-1117.28;877.48;3427.06
408;-1117.28;871.643;3427.06
409;-1117.28;865.215;3326.99
410;-1117.28;859.495;3326.99
411;-1117.28;850.623;3326.99
412;-1117.28;840.349;3326.99
413;-1117.28;833.429;3326.99
414;-1117.28;827.835;3326.99
415;-1117.28;821.325;3326.99
416;-1117.28;813.556;3326.99
417;-1117.28;800.435;3326.99
418;-1117.28;797.751;3326.99
419;-1117.28;791.116;3326.99
420;-1117.28;785.587;3326.99
421;-1117.28;778.386;3326.99
422;-1117.28;770.391;3326.99
423;-1117.28;758.256;3359.36
424;-1117.28;752.93;3359.36
425;-1117.28;745.233;3359.36
426;-1117.28;741.037;3359.36
427;-1117.28;734.383;3359.36
428;-1117.28;726.241;3359.36
429;-1117.28;715.195;3359.36
430;-1117.28;711.282;3359.36
431;-1117.28;702.548;3331.12
432;-1117.28;695.79;3331.12
433;-1117.28;685.31;3331.12
434;-1117.28;679.226;3331.12
435;-1117.28;669.575;3331.12
436;-1117.28;665.457;3331.12
437;-1117.28;662.336;3331.12
438;-1117.28;659.983;3128.61
439;-1117.28;656.015;3128.61
440;-1117.28;652.079;3128.61
441;-1117.28;649.598;3128.61
442;-1117.28;643.876;3128.61
443;-1117.28;636.968;3128.61
444;-1206.72;634.664;3128.61
445;-1346.2;629.198;3147.22
446;-1346.2;620.399;2948.19
447;-1346.2;617.727;2948.19
448;-1346.2;611.532;2948.19
449;-1346.2;606.428;2948.19
450;-1346.2;601.771;2948.19
451;-1346.2;596.649;2948.19
452;-1346.2;591.973;2940.26
453;-1346.2;587.322;2940.26
454;-1346.2;585.03;2940.26
455;-1346.2;583.424;2940.26
456;-1346.2;576.594;2940.26
457;-1346.2;572.81;2940.26
458;-1346.2;569.823;2940.26
459;-1346.2;565.05;2940.26
460;-1346.2;556.013;2940.26
461;-1346.2;552.117;2940.26
462;-1346.2;547.971;2940.26
463;-1346.2;541.794;2940.26
464;-1346.2;536.776;2940.26
465;-1346.2;531.977;2909.98
466;-1346.2;525.842;2909.98
467;-1346.2;515.148;2659.55
468;-1346.2;507.733;2659.55
469;-1346.2;503.465;2659.55
470;-1346.2;499.874;2659.55
471;-1346.2;494.409;2659.55
472;-1346.2;488.845;2659.55
473;-1346.2;481.032;2659.55
474;-1346.2;478.728;2659.55
475;-1346.2;473.741;2659.55
476;-1346.2;469.664;2659.55
477;-1346.2;464.235;2658.54
478;-1346.2;457.276;2644.04
479;-1361.21;452.57;2638.21
480;-1361.21;449.718;2638.21
481;-1361.21;443.523;2638.21
482;-1361.21;436.597;2638.21
483;-1361.21;433.447;2638.21
484;-1361.21;429.814;2638.21
485;-1361.21;422.791;2638.21
486;-1396.59;420.496;2638.21
487;-1396.59;417.549;2638.21
488;-1396.59;412.629;2638.21
489;-1442.93;407.904;2638.21
490;-1442.93;404.03;2638.21
491;-1442.93;394.043;2638.21
492;-1508.51;389.322;2638.21
493;-1508.51;386.626;2638.21
494;-1508.51;382.163;2638.21
495;-1508.51;379.226;2638.21
496;-1508.51;373.099;2638.21
497;-1755.84;365.541;2638.21
498;-1755.84;360.754;2638.21
499;-1755.84;356.037;2638.21
500;-1755.84;351.742;2638.21
501;-1755.84;349.363;2638.21
502;-1755.84;346.202;2638.21
503;-1755.84;337.332;2638.21
504;-1755.84;330.936;2638.66
505;-1755.84;323.861;2638.66
506;-1755.84;321.041;2638.66
507;-1755.84;317.45;2638.66
508;-1755.84;312.047;2638.66
509;-1755.84;307.791;2638.66
510;-1755.84;302.917;2638.66
511;-1755.84;298.465;2638.66
512;-1755.84;295.352;2638.66
513;-1755.84;292.298;2638.66
514;-1755.84;283.481;2638.66
515;-1755.84;280.88;2638.66
516;-1755.84;278.056;2638.66
517;-1755.84;273.745;2638.66
518;-1755.84;270.317;2638.66
519;-1755.84;261.892;2638.66
520;-1755.84;255.894;2571.69
521;-1755.84;253.25;2571.69
522;-1755.84;250.221;2571.69
523;-1755.84;242.9;2571.69
524;-1755.84;240.647;2571.69
525;-1755.84;237.844;2571.69
526;-1755.84;232.677;2571.69
527;-1755.84;229.276;2571.69
528;-1755.84;229.372;2571.69
529;-1755.84;227.586;2571.69
530;-1755.84;224.965;2571.69
531;-1755.84;222.498;2571.69
532;-1755.84;220.834;2571.69
533;-1755.84;217.939;2571.69
534;-1755.84;214.026;2571.69
535;-1755.84;210.779;2571.69
536;-1755.84;206.694;2571.69
537;-1755.84;204.005;2571.69
538;-1755.84;201.402;2571.69
539;-1755.84;196.385;2571.69
540;-1755.84;194.809;2571.69
541;-1755.84;192.76;2529.7
542;-1755.84;187.725;2529.7
543;-1755.84;183.959;2529.7
544;-1755.84;180.833;2529.7
545;-1755.84;178.038;2529.41
546;-1755.84;175.821;2529.41
547;-1755.84;173.37;2529.41
548;-1755.84;169.717;2529.41
549;-1755.84;167.161;2529.41
550;-1755.84;164.742;2529.41
551;-1755.84;162.752;2529.41
552;-1755.84;159.368;2529.41
553;-1755.84;155.602;2529.41
554;-1755.84;153.84;2529.41
555;-1755.84;149.114;2529.41
556;-1755.84;145.108;2529.41
557;-1755.84;139.373;2529.41
558;-1755.84;135.478;2529.41
559;-1755.84;131.084;2529.41
560;-1755.84;127.245;2529.41
561;-1755.84;123.073;2529.41
562;-1755.84;120.113;2529.41
563;-1755.84;118.655;2529.41
564;-1755.84;113.269;2337.69
565;-1755.84;111.065;2337.69
566;-1755.84;109.073;2337.69
567;-1755.84;106.187;2337.69
568;-1755.84;100.873;2337.69
569;-1755.84;98.3364;2337.69
570;-1755.84;92.5744;2337.69
571;-1755.84;89.05;2337.69
572;-1755.84;86.9081;2337.69
573;-1755.84;83.9068;2214.37
574;-1755.84;82.8178;2214.37
575;-1755.84;79.1829;2214.37
576;-1755.84;75.7263;2214.37
577;-1755.84;70.9152;2214.37
578;-1755.84;67.0852;2214.37
579;-1846.39;64.8248;2214.37
580;-1846.39;59.2581;2214.37
581;-1846.39;56.3334;2214.37
582;-1846.39;52.1502;2133.81
583;-1846.39;47.841;2133.81
584;-1853.83;44.3338;2133.81
585;-1864.72;37.4296;2133.81
586;-1864.72;32.2428;2133.81
587;-1864.72;28.4062;2133.81
588;-1864.72;22.2487;2133.81
589;-1864.72;18.5561;2133.81
590;-1864.72;14.7118;2133.81
591;-1864.72;10.6339;2133.81
592;-1963.54;8.14364;2133.81
593;-1963.54;5.19839;2133.81
594;-1963.54;2.3501;2133.81
595;-1963.54;0.722514;2133.81
596;-1963.54;-3.61876;2116.18
597;-1964.46;-6.90023;2116.18
598;-1964.46;-11.2374;2116.18
599;-1964.46;-13.103;2116.18
600;-1964.46;-16.1983;2116.18
601;-1964.46;-18.1034;2116.18
602;-1964.46;-24.621;2116.18
603;-1964.46;-29.0069;2116.18
604;-1964.46;-33.4348;2116.18
605;-1964.46;-37.7179;2116.18
606;-1964.46;-41.0493;2116.18
607;-1964.46;-43.9214;2116.18
608;-1964.46;-46.0914;2116.18
609;-1964.46;-47.5385;2116.18
610;-1964.46;-54.9522;2116.18
611;-1964.46;-58.7929;2116.18
612;-1964.46;-63.7316;2116.18
613;-1964.46;-65.9752;2116.18
614;-1964.46;-66.9879;2116.18
615;-1964.46;-68.439;2116.18
616;-1964.46;-70.7701;2116.18
617;-1964.46;-74.3318;2116.18
618;-1964.46;-76.3032;2116.18
619;-1964.46;-78.8064;2116.18
620;-1964.46;-80.4517;2116.18
621;-1964.46;-85.0155;2116.18
622;-1964.46;-88.6833;2116.18
623;-1964.46;-92.1205;2116.18
624;-1964.46;-96.358;2116.18
625;-1964.46;-98.9508;2116.18
626;-1964.46;-102.062;2116.18
627;-1964.46;-105.529;2116.18
628;-1964.46;-109.382;2116.18
629;-1964.46;-111.098;2116.18
630;-1964.46;-112.932;2116.18
631;-1964.46;-116.369;2116.18
632;-1964.46;-121.144;2116.18
633;-1964.46;-123.804;2116.18
634;-1964.46;-126.213;2099.09
635;-1964.46;-128.252;2099.09
636;-1964.46;-130.362;2099.09
637;-1964.46;-133.278;2099.09
638;-1964.46;-137.569;2099.09
639;-1964.46;-139.689;2099.09
640;-1964.46;-140.876;2099.09
641;-1964.46;-142.417;2099.09
642;-1964.46;-145.449;2099.09
643;-1964.46;-149.119;2099.09
644;-1964.46;-153.354;2099.09
645;-1964.46;-155.74;2099.09
646;-1964.46;-158.237;2099.09
647;-1964.46;-162.669;2099.09
648;-1964.46;-165.547;2099.09
649;-1964.46;-168.14;2099.09
650;-1964.46;-170.145;2099.09
651;-1964.46;-171.748;2099.09
652;-1964.46;-173.626;2099.09
653;-1964.46;-174.746;2099.09
654;-1964.46;-177.548;2099.09
655;-1964.46;-180.2;2099.09
656;-1964.46;-185.442;2099.09
657;-1964.46;-187.199;2099.09
658;-1964.46;-189.322;2099.09
659;-1964.46;-193.222;2099.09
660;-1964.46;-196.241;2099.09
661;-1964.46;-198.093;2099.09
662;-1964.46;-201.467;2099.09
663;-1964.46;-204.531;2099.09
664;-1964.46;-205.535;2099.09
665;-1964.46;-206.796;2099.09
666;-1964.46;-208.676;2099.09
667;-1964.46;-211.935;2099.09
668;-1964.46;-214.342;2099.09
669;-1964.46;-216.795;2099.09
670;-1964.46;-219.665;2099.09
671;-1964.46;-220.815;2099.09
672;-1964.46;-223.111;2099.09
673;-1964.46;-224.17;2099.09
674;-1964.46;-227.425;1991.24
675;-1964.46;-231.965;1991.24
676;-1964.46;-236.096;1991.24
677;-1964.46;-237.552;1991.24
678;-1964.46;-241.91;1991.24
679;-1964.46;-244.322;1991.24
680;-1964.46;-247.454;1991.24
681;-1964.46;-248.067;1991.24
682;-1964.46;-250.685;1991.24
683;-1964.46;-254.005;1991.24
684;-1964.46;-255.401;1991.24
685;-1964.46;-258.039;1991.24
686;-1964.46;-261.231;1991.24
687;-1964.46;-262.805;1991.24
688;-1964.46;-264.231;1991.24
689;-1964.46;-267.433;1991.24
690;-1964.46;-271.866;1991.24
691;-1964.46;-274.209;1991.24
692;-1964.46;-277.472;1991.24
693;-1964.46;-279.364;1991.24
694;-1964.46;-281.05;1991.24
695;-1964.46;-284.463;1991.24
696;-1964.46;-286.556;1991.24
697;-1964.46;-289.877;1991.24
698;-1964.46;-291.634;1991.24
699;-1964.46;-294.624;1991.24
700;-1964.46;-297.704;1991.24
701;-1964.46;-299.838;1991.24
702;-1964.46;-302.245;1991.24
703;-1964.46;-304.353;1991.24
704;-1964.46;-306.594;1991.24
705;-1964.46;-309.094;1991.24
706;-1964.46;-311.174;1991.24
707;-1964.46;-312.316;1991.24
708;-1964.46;-315.975;1991.24
709;-1964.46;-321.811;1991.24
710;-1964.46;-324.463;1991.24
711;-1964.46;-326.17;1991.24
712;-1964.46;-330.08;1991.24
713;-1964.46;-331.879;1991.24
714;-1964.46;-333.783;1888.18
715;-1964.46;-335.71;1888.18
716;-1964.46;-338.38;1888.18
717;-1964.46;-339.186;1850.42
718;-1964.46;-340.891;1850.42
719;-1964.46;-343.017;1850.42
720;-1964.46;-346.802;1850.42
721;-1964.46;-347.614;1850.42
722;-1964.46;-349.685;1850.42
723;-1964.46;-352.11;1850.42
724;-1964.46;-354.212;1850.42
725;-1964.46;-357.043;1850.42
726;-1964.46;-360.686;1850.42
727;-1964.46;-362.768;1850.42
728;-1964.46;-367.094;1850.42
729;-1964.46;-370.535;1850.42
730;-1964.46;-375.477;1850.42
731;-1964.46;-378.51;1850.42
732;-1964.46;-380.356;1850.42
733;-1964.46;-381.861;1850.42
734;-1964.46;-383.366;1850.42
735;-1964.46;-384.267;1850.42
736;-1964.46;-386.616;1850.42
737;-1964.46;-390.201;1850.42
738;-1964.46;-390.692;1850.42
739;-1964.46;-394.075;1850.42
740;-1964.46;-396.561;1850.42
741;-1964.46;-398.842;1850.42
742;-1964.46;-401.642;1850.42
743;-1964.46;-406.059;1850.42
744;-1964.46;-407.923;1850.42
745;-1964.46;-411.137;1850.42
746;-1964.46;-413.256;1850.42
747;-1964.46;-415.688;1850.42
748;-2091.65;-420.119;1850.42
749;-2091.65;-422.072;1850.42
750;-2091.65;-423.316;1850.42
751;-2091.65;-425.96;1850.42
752;-2091.65;-427.788;1850.42
753;-2091.65;-429.673;1850.42
754;-2091.65;-431.533;1850.42
755;-2091.65;-433.077;1850.42
756;-2091.65;-434.558;1850.42
757;-2091.65;-436.059;1850.42
758;-2091.65;-438.284;1850.42
759;-2091.65;-439.995;1836.67
760;-2091.65;-441.514;1836.67
761;-2091.65;-443.814;1836.67
762;-2091.65;-447.199;1836.67
763;-2091.65;-451.562;1836.67
764;-2091.65;-453.747;1836.67
765;-2091.65;-456.738;1836.67
766;-2091.65;-461.028;1836.67
767;-2091.65;-463.545;1797.47
768;-2091.65;-464.689;1797.47
769;-2091.65;-468.427;1797.47
770;-2091.65;-470.563;1797.47
771;-2091.65;-472.332;1797.47
772;-2091.65;-474.303;1797.47
773;-2091.65;-475.018;1797.47
774;-2091.65;-476.433;1797.47
775;-2091.65;-477.624;1797.47
776;-2091.65;-480.058;1797.47
777;-2091.65;-481.306;1797.47
778;-2091.65;-483.875;1797.47
779;-2091.65;-487.742;1790.46
780;-2091.65;-492.096;1790.46
781;-2091.65;-496.538;1790.46
782;-2091.65;-498.947;1790.46
783;-2091.65;-500.07;1790.46
784;-2091.65;-503.428;1790.46
785;-2091.65;-506.309;1790.46
786;-2091.65;-508.357;1635.95
787;-2091.65;-509.231;1635.95
788;-2091.65;-510.332;1635.95
789;-2091.65;-514.072;1635.95
790;-2091.65;-518.518;1635.95
791;-2091.65;-519.046;1635.95
792;-2091.65;-521.175;1635.95
793;-2091.65;-522.216;1635.95
794;-2091.65;-525.621;1635.95
795;-2091.65;-526.349;1625.05
796;-2091.65;-528.053;1625.05
797;-2091.65;-529.625;1625.05
798;-2091.65;-533.857;1625.05
799;-2091.65;-536.673;1625.05
800;-2091.65;-539.385;1625.05
801;-2091.65;-540.721;1625.05
802;-2091.65;-543.695;1625.05
803;-2091.65;-545.156;1625.05
804;-2091.65;-547.757;1625.05
805;-2091.65;-549.512;1625.05
806;-2176.23;-553.668;1625.05
807;-2176.23;-554.464;1625.05
808;-2176.23;-556.024;1625.05
809;-2176.23;-557.611;1625.05
810;-2176.23;-562.099;1625.05
811;-2176.23;-562.29;1625.05
812;-2176.23;-563.438;1625.05
813;-2176.23;-563.957;1625.05
814;-2176.23;-565.875;1625.05
815;-2176.23;-566.599;1625.05
816;-2176.23;-568.633;1625.05
817;-2176.23;-571.462;1625.05
818;-2176.23;-574.146;1625.05
819;-2176.23;-575.196;1625.05
820;-2176.23;-576.676;1625.05
821;-2176.23;-577.2;1625.05
822;-2176.23;-579.168;1625.05
823;-2176.23;-581.216;1625.05
824;-2176.23;-582.807;1625.05
825;-2176.23;-583.825;1625.05
826;-2176.23;-586.894;1625.05
827;-2176.23;-589.241;1625.05
828;-2176.23;-590.989;1625.05
829;-2176.23;-592.99;1625.05
830;-2176.23;-594.694;1625.05
831;-2176.23;-596.018;1625.05
832;-2176.23;-596.62;1625.05
833;-2176.23;-597.669;1625.05
834;-2176.23;-599.081;1625.05
835;-2176.23;-601.12;1625.05
836;-2176.23;-603.386;1625.05
837;-2176.23;-607.144;1625.05
838;-2176.23;-609.596;1625.05
839;-2176.23;-612.152;1625.05
840;-2176.23;-615.253;1625.05
841;-2176.23;-616.472;1625.05
842;-2176.23;-617.392;1625.05
843;-2176.23;-618.479;1625.05
844;-2176.23;-621.34;1625.05
845;-2176.23;-622.927;1625.05
846;-2176.23;-625.084;1625.05
847;-2176.23;-626.02;1625.05
848;-2176.23;-626.618;1625.05
849;-2176.23;-629.453;1625.05
850;-2176.23;-631.27;1625.05
851;-2176.23;-633.015;1616.98
852;-2176.23;-635.866;1616.98
853;-2176.23;-637.218;1616.98
854;-2176.23;-638.459;1616.98
855;-2176.23;-639.166;1616.98
856;-2176.23;-640.203;1616.98
857;-2176.23;-640.514;1600.71
858;-2176.23;-643.717;1600.71
859;-2176.23;-645.894;1600.71
860;-2176.23;-647.195;1600.71
861;-2176.23;-648.992;1600.71
862;-2176.23;-651.94;1600.71
863;-2176.23;-653.266;1600.71
864;-2176.23;-655.018;1600.71
865;-2176.23;-657.496;1600.71
866;-2176.23;-660.125;1600.71
867;-2176.23;-663.249;1600.71
868;-2176.23;-666.112;1600.71
869;-2176.23;-669.85;1600.71
870;-2176.23;-671.438;1600.71
871;-2176.23;-672.959;1600.71
872;-2176.23;-673.471;1600.71
873;-2176.23;-675.342;1600.71
874;-2176.23;-677.664;1600.71
875;-2176.23;-679.908;1600.71
876;-2176.23;-680.925;1600.71
877;-2176.23;-682.281;1600.71
878;-2176.23;-683.537;1600.71
879;-2176.23;-684.296;1600.71
880;-2176.23;-685.401;1600.71
881;-2176.23;-686.026;1600.71
882;-2176.23;-686.9;1600.71
883;-2176.23;-687.867;1600.71
884;-2199.83;-689.249;1600.71
885;-2199.83;-691.418;1600.71
886;-2199.83;-692.37;1600.71
887;-2199.83;-692.967;1600.71
888;-2199.83;-696.176;1600.71
889;-2199.83;-697.88;1600.71
890;-2199.83;-699.465;1600.71
891;-2199.83;-700.415;1600.71
892;-2199.83;-701.231;1600.71
893;-2199.83;-702.364;1600.71
894;-2199.83;-704.886;1600.71
895;-2199.83;-705.642;1600.71
896;-2199.83;-707.38;1600.71
897;-2199.83;-708.308;1600.71
898;-2199.83;-710.425;1556.44
899;-2199.83;-712.623;1556.44
900;-2199.83;-714.129;1556.44
901;-2199.83;-715.743;1556.44
902;-2199.83;-716.34;1556.44
903;-2199.83;-716.844;1556.44
904;-2199.83;-718.66;1556.44
905;-2199.83;-718.83;1556.44
906;-2199.83;-721.118;1556.44
907;-2285.41;-725.569;1556.44
908;-2285.41;-727.419;1556.44
909;-2285.41;-728.693;1556.44
910;-2285.41;-730.026;1556.44
911;-2285.41;-731.531;1556.44
912;-2285.41;-733.902;1556.44
913;-2285.41;-734.928;1556.44
914;-2285.41;-736.278;1556.44
915;-2285.41;-737.312;1556.44
916;-2285.41;-738.513;1556.44
917;-2285.41;-739.473;1556.44
918;-2285.41;-740.71;1556.44
919;-2285.41;-743.79;1556.44
920;-2285.41;-745.83;1556.44
921;-2285.41;-749.899;1556.44
922;-2285.41;-752.023;1556.44
923;-2290.37;-754.073;1556.44
924;-2290.37;-760.003;1556.44
925;-2290.37;-760.325;1556.44
926;-2290.37;-762.802;1556.44
927;-2290.37;-764.636;1556.44
928;-2290.37;-765.768;1556.44
929;-2290.37;-765.874;1556.44
930;-2290.37;-767.042;1556.44
931;-2290.37;-767.87;1556.44
932;-2290.37;-770.931;1556.44
933;-2290.37;-774.15;1556.44
934;-2290.37;-780.468;1272.32
935;-2290.37;-780.993;1272.32
936;-2290.37;-783.01;1272.32
937;-2290.37;-783.731;1272.32
938;-2290.37;-784.497;1272.32
939;-2290.37;-786.581;1272.32
940;-2290.37;-787.045;1272.32
941;-2290.37;-788.638;1272.32
942;-2290.37;-790.396;1272.32
943;-2290.37;-792.708;1272.32
944;-2290.37;-793.593;1272.32
945;-2290.37;-796.244;1272.32
946;-2290.37;-799.334;1272.32
947;-2290.37;-801.135;1272.32
948;-2290.37;-801.624;1272.32
949;-2290.37;-803.866;1272.32
950;-2290.37;-805.432;1272.32
951;-2290.37;-806.484;1272.32
952;-2290.37;-807.481;1272.32
953;-2290.37;-808.56;1272.32
954;-2290.37;-809.233;1272.32
955;-2290.37;-809.948;1272.32
956;-2290.37;-811.916;1272.32
957;-2290.37;-813.771;1272.32
958;-2290.37;-815.151;1272.32
959;-2290.37;-816.737;1272.32
960;-2290.37;-819.482;1261.79
961;-2290.37;-822.056;1261.79
962;-2290.37;-824.702;1261.79
963;-2290.37;-825.973;1261.79
964;-2290.37;-826.553;1261.79
965;-2290.37;-828.417;1261.79
966;-2290.37;-829.083;1261.79
967;-2290.37;-829.48;1261.79
968;-2290.37;-831.543;1261.79
969;-2290.37;-832.694;1261.79
970;-2290.37;-836.023;1098.76
971;-2290.37;-838.755;1098.76
972;-2290.37;-839.913;1098.76
973;-2290.37;-841.412;1098.76
974;-2290.37;-843.954;1098.76
975;-2290.37;-845.411;1098.76
976;-2290.37;-847.31;1098.76
977;-2290.37;-848.025;1098.76
978;-2290.37;-849.349;1098.76
979;-2290.37;-850.539;1098.76
980;-2290.37;-853.111;1098.76
981;-2290.37;-855.926;1098.76
982;-2290.37;-857.773;1098.76
983;-2290.37;-859.747;1098.76
984;-2290.37;-861.774;1098.76
985;-2290.37;-863.254;1098.76
986;-2290.37;-865.175;1098.76
987;-2290.37;-866.32;1098.76
988;-2290.37;-868.168;1098.76
989;-2290.37;-871.178;1098.76
990;-2335.15;-871.428;1098.76
991;-2335.15;-874.308;1098.76
992;-2335.15;-875.473;1098.76
993;-2335.15;-876.648;1098.76
994;-2335.15;-877.271;1098.76
995;-2335.15;-879.817;1098.76
996;-2335.15;-881.734;1098.76
997;-2335.15;-882.852;1098.76
998;-2335.15;-883.317;1098.76
999;-2335.15;-884.776;1098.76
1000;-2335.15;-887.508;1098.76
1001;-2335.15;-888.054;1098.76
1002;-2335.15;-888.57;1098.76
1003;-2335.15;-891.988;1098.76
1004;-2335.15;-893.39;1098.76
1005;-2335.15;-895.721;1098.76
1006;-2335.15;-896.523;1098.76
1007;-2335.15;-898.101;1042.91
1008;-2335.15;-901.417;1034.47
1009;-2335.15;-903.386;1034.47
1010;-2335.15;-904.403;1034.47
1011;-2335.15;-905.488;1034.47
1012;-2335.15;-907.619;1034.47
1013;-2335.15;-908.578;1034.47
1014;-2335.15;-909.465;1034.47
1015;-2335.15;-910.642;961.234
1016;-2335.15;-911.318;961.234
1017;-2335.15;-912.601;961.234
1018;-2335.15;-916.739;961.234
1019;-2335.15;-917.411;961.234
1020;-2335.15;-918.462;961.234
1021;-2335.15;-919.698;961.234
1022;-2335.15;-922.229;961.234
1023;-2335.15;-924.125;961.234
1024;-2335.15;-927.665;961.234
1025;-2335.15;-929.124;961.234
1026;-2335.15;-930.192;961.234
1027;-2335.15;-931.899;961.234
1028;-2335.15;-933.24;961.234
1029;-2335.15;-933.848;961.234
1030;-2335.15;-934.075;961.234
1031;-2335.15;-938.211;961.234
1032;-2335.15;-939.252;961.234
1033;-2335.15;-939.721;961.234
1034;-2335.15;-940.716;961.234
1035;-2335.15;-941.424;961.234
1036;-2335.15;-942.806;961.234
1037;-2335.15;-943.071;961.234
1038;-2335.15;-944.878;961.234
1039;-2335.15;-945.264;961.234
1040;-2335.15;-946.683;961.234
1041;-2335.15;-948.528;961.234
1042;-2335.15;-949.288;961.234
1043;-2335.15;-950.602;961.234
1044;-2335.15;-951.164;961.234
1045;-2335.15;-952.744;961.234
1046;-2335.15;-954.478;961.234
1047;-2335.15;-956.785;961.234
1048;-2335.15;-958.078;961.234
1049;-2335.15;-958.366;961.234
1050;-2335.15;-959.896;961.234
1051;-2335.15;-961.85;961.234
1052;-2335.15;-964.345;961.234
1053;-2335.15;-965.184;961.234
1054;-2335.15;-966.316;961.234
1055;-2335.15;-968.595;961.234
1056;-2335.15;-969.764;961.234
1057;-2335.15;-971.354;961.234
1058;-2335.15;-972.858;961.234
1059;-2335.15;-974.161;961.234
1060;-2335.15;-975.651;961.234
1061;-2335.15;-977.555;961.234
1062;-2335.15;-978.333;961.234
1063;-2335.15;-978.828;961.234
1064;-2335.15;-980.12;958.796
1065;-2335.15;-981.605;958.796
1066;-2335.15;-982.851;958.796
1067;-2335.15;-985.533;958.796
1068;-2335.15;-986.168;958.796
1069;-2335.15;-987.503;958.796
1070;-2335.15;-987.934;958.796
1071;-2335.15;-988.832;958.796
1072;-2335.15;-989.242;958.796
1073;-2335.15;-990.274;958.796
1074;-2335.15;-992.973;958.796
1075;-2345.96;-994.36;958.796
1076;-2345.96;-995.811;958.796
1077;-2345.96;-996.784;958.796
1078;-2345.96;-997.471;958.796
1079;-2345.96;-999.646;958.796
1080;-2345.96;-1000.58;958.796
1081;-2345.96;-1001.69;958.796
1082;-2345.96;-1003.26;958.796
1083;-2345.96;-1004.14;958.796
1084;-2345.96;-1004.51;958.796
1085;-2345.96;-1005.09;958.796
1086;-2345.96;-1006.79;958.796
1087;-2345.96;-1008.78;958.796
1088;-2345.96;-1009.87;958.796
1089;-2345.96;-1011.08;958.796
1090;-2345.96;-1013.72;958.796
1091;-2345.96;-1014.4;958.796
1092;-2345.96;-1015.09;958.796
1093;-2345.96;-1016.74;958.796
1094;-2345.96;-1017.61;958.796
1095;-2345.96;-1020.18;958.796
1096;-2345.96;-1020.99;958.796
1097;-2345.96;-1022.8;958.796
1098;-2345.96;-1024.33;958.796
1099;-2345.96;-1025.41;958.796
1100;-2345.96;-1026.07;958.796
1101;-2345.96;-1026.4;958.796
1102;-2345.96;-1027.13;958.796
1103;-2345.96;-1028.02;958.796
1104;-2345.96;-1029.04;958.796
1105;-2345.96;-1030.81;958.796
1106;-2345.96;-1031.47;958.796
1107;-2345.96;-1032.28;958.796
1108;-2345.96;-1032.37;958.796
1109;-2345.96;-1033.4;958.796
1110;-2345.96;-1034.8;958.796
1111;-2345.96;-1035.82;958.796
1112;-2345.96;-1036.61;958.796
1113;-2345.96;-1037.34;958.796
1114;-2345.96;-1038.66;958.796
1115;-2345.96;-1040.47;958.796
1116;-2345.96;-1041.06;958.796
1117;-2345.96;-1041.36;958.796
1118;-2345.96;-1041.83;958.796
1119;-2345.96;-1042.37;958.796
1120;-2345.96;-1044.52;958.796
1121;-2345.96;-1045.86;958.796
1122;-2345.96;-1046.95;958.796
1123;-2345.96;-1047.97;958.796
1124;-2345.96;-1049.07;958.796
1125;-2345.96;-1049.63;958.796
1126;-2345.96;-1051.35;958.796
1127;-2345.96;-1051.91;958.796
1128;-2345.96;-1053.11;958.796
1129;-2345.96;-1053.73;958.796
1130;-2438.92;-1057.74;958.796
1131;-2438.92;-1059.45;958.796
1132;-2438.92;-1060.34;958.796
1133;-2438.92;-1061.31;958.796
1134;-2438.92;-1062.02;958.796
1135;-2438.92;-1062.99;958.796
1136;-2438.92;-1064.08;958.796
1137;-2438.92;-1064.64;958.796
1138;-2438.92;-1065.47;958.796
1139;-2438.92;-1066.52;958.796
1140;-2438.92;-1067.68;958.796
1141;-2438.92;-1069.46;927.201
1142;-2438.92;-1070.74;927.201
1143;-2438.92;-1072.83;927.201
1144;-2438.92;-1073.59;927.201
1145;-2438.92;-1074.91;927.201
1146;-2438.92;-1075.48;927.201
1147;-2438.92;-1076.53;927.201
1148;-2438.92;-1077.08;927.201
1149;-2438.92;-1078.35;927.201
1150;-2438.92;-1080.25;908.486
1151;-2438.92;-1080.83;908.486
1152;-2438.92;-1081.1;908.486
1153;-2438.92;-1081.97;908.486
1154;-2438.92;-1083.22;908.486
1155;-2438.92;-1084.35;908.486
1156;-2438.92;-1085.15;908.486
1157;-2438.92;-1085.93;908.486
1158;-2438.92;-1086.65;908.486
1159;-2438.92;-1088.36;908.486
1160;-2438.92;-1089.04;908.486
1161;-2438.92;-1090.88;908.486
1162;-2438.92;-1092.49;908.486
1163;-2438.92;-1094.92;908.486
1164;-2438.92;-1095.37;908.486
1165;-2438.92;-1096.75;908.486
1166;-2438.92;-1097.38;908.486
1167;-2438.92;-1099;908.486
1168;-2438.92;-1099.98;908.486
1169;-2438.92;-1101.98;908.486
1170;-2438.92;-1103.56;908.486
1171;-2438.92;-1105.88;908.486
1172;-2438.92;-1107.86;908.486
1173;-2438.92;-1109.4;908.486
1174;-2438.92;-1110.13;908.486
1175;-2438.92;-1111.11;908.486
1176;-2438.92;-1112.29;908.486
1177;-2438.92;-1112.98;908.486
1178;-2438.92;-1113.85;908.486
1179;-2438.92;-1115.11;908.486
1180;-2438.92;-1116.13;908.486
1181;-2438.92;-1116.83;908.486
1182;-2438.92;-1117.23;908.486
1183;-2438.92;-1118.87;908.486
1184;-2438.92;-1119.92;908.486
1185;-2438.92;-1120.17;908.486
1186;-2438.92;-1120.64;908.486
1187;-2438.92;-1121.64;908.486
1188;-2438.92;-1121.79;908.486
1189;-2438.92;-1122.06;908.486
1190;-2438.92;-1122.52;908.486
1191;-2438.92;-1123.39;908.486
1192;-2438.92;-1123.96;908.486
1193;-2438.92;-1124.56;908.486
1194;-2438.92;-1125.76;908.486
1195;-2438.92;-1126.41;908.486
1196;-2438.92;-1126.98;908.486
1197;-2438.92;-1127.64;908.486
1198;-2482.05;-1128.2;908.486
1199;-2482.05;-1129.42;908.486
1200;-2482.05;-1130.3;908.486
1201;-2482.05;-1131.35;908.486
1202;-2482.05;-1132.4;908.486
1203;-2482.05;-1133.92;908.486
1204;-2482.05;-1134.92;908.486
1205;-2482.05;-1135.57;908.486
1206;-2482.05;-1136.24;908.486
1207;-2482.05;-1136.63;908.486
1208;-2482.05;-1137.22;908.486
1209;-2482.05;-1138.4;908.486
1210;-2482.05;-1138.93;908.486
1211;-2482.05;-1139.31;908.486
1212;-2482.05;-1141.5;908.486
1213;-2482.05;-1141.88;908.486
1214;-2482.05;-1142.89;908.486
1215;-2511.66;-1143.49;908.486
1216;-2511.66;-1144.86;908.486
1217;-2511.66;-1145.79;908.486
1218;-2511.66;-1146.4;908.486
1219;-2511.66;-1147.19;908.486
1220;-2511.66;-1147.23;908.486
1221;-2511.66;-1148.62;908.486
1222;-2511.66;-1148.97;908.486
1223;-2511.66;-1149.83;908.486
1224;-2511.66;-1151.33;908.486
1225;-2511.66;-1153.18;908.486
1226;-2511.66;-1154.71;908.486
1227;-2511.66;-1155.82;908.486
1228;-2511.66;-1156.14;908.486
1229;-2511.66;-1157.74;908.486
1230;-2511.66;-1158.33;908.486
1231;-2511.66;-1158.77;908.486
1232;-2511.66;-1159.49;908.486
1233;-2511.66;-1161.6;908.486
1234;-2511.66;-1161.98;908.486
1235;-2511.66;-1164.69;908.486
1236;-2511.66;-1166.25;908.486
1237;-2511.66;-1167.28;908.486
1238;-2511.66;-1167.83;908.486
1239;-2511.66;-1169.18;908.486
1240;-2511.66;-1169.71;908.486
1241;-2511.66;-1171.56;908.486
1242;-2511.66;-1172.02;908.486
1243;-2511.66;-1173.84;908.486
1244;-2511.66;-1174.3;908.486
1245;-2511.66;-1174.65;908.486
1246;-2511.66;-1174.94;908.486
1247;-2511.66;-1175.68;901.165
1248;-2511.66;-1176.81;901.165
1249;-2511.66;-1177.56;901.165
1250;-2511.66;-1179.37;901.165
1251;-2511.66;-1179.84;901.165
1252;-2511.66;-1180.5;901.165
1253;-2511.66;-1180.98;901.165
1254;-2511.66;-1181.43;901.165
1255;-2511.66;-1182.14;901.165
1256;-2511.66;-1183.81;901.165
1257;-2511.66;-1185.3;901.165
1258;-2511.66;-1187.15;901.165
1259;-2511.66;-1187.56;901.165
1260;-2511.66;-1187.7;901.165
1261;-2511.66;-1187.74;901.165
1262;-2511.66;-1188.43;901.165
1263;-2511.66;-1190.74;901.165
1264;-2511.66;-1191.82;901.165
1265;-2511.66;-1191.89;901.165
1266;-2511.66;-1192.05;901.165
1267;-2511.66;-1193.46;901.165
1268;-2511.66;-1194.18;901.165
1269;-2511.66;-1195.7;901.165
1270;-2511.66;-1195.87;901.165
1271;-2511.66;-1197.72;901.165
1272;-2511.66;-1199.26;901.165
1273;-2511.66;-1199.86;901.165
1274;-2511.66;-1200.48;901.165
1275;-2511.66;-1201.43;901.165
1276;-2511.66;-1202.47;867.671
1277;-2511.66;-1203.71;867.671
1278;-2511.66;-1205.03;867.671
1279;-2511.66;-1205.27;867.671
1280;-2511.66;-1207.05;867.671
1281;-2511.66;-1207.81;867.671
1282;-2511.66;-1210.81;867.671
1283;-2511.66;-1211.82;867.671
1284;-2511.66;-1213.86;867.671
1285;-2511.66;-1214.87;867.671
1286;-2511.66;-1215.33;867.671
1287;-2511.66;-1219.19;867.671
1288;-2511.66;-1221.71;867.671
1289;-2511.66;-1222.22;867.671
1290;-2511.66;-1224.63;867.671
1291;-2511.66;-1224.64;867.671
1292;-2511.66;-1224.98;867.671
1293;-2511.66;-1226.92;867.671
1294;-2511.66;-1227.35;867.671
1295;-2511.66;-1228.04;867.671
1296;-2511.66;-1228.42;867.671
1297;-2511.66;-1229.12;867.671
1298;-2511.66;-1230.03;867.671
1299;-2511.66;-1230.93;867.671
1300;-2511.66;-1232.05;867.671
1301;-2511.66;-1232.71;867.671
1302;-2511.66;-1233.6;867.671
1303;-2511.66;-1234.12;867.671
1304;-2511.66;-1234.76;867.671
1305;-2511.66;-1235.05;867.671
1306;-2511.66;-1236.62;867.671
1307;-2511.66;-1236.93;867.671
1308;-2511.66;-1237.79;867.671
1309;-2511.66;-1239.57;867.671
1310;-2511.66;-1239.83;867.671
1311;-2511.66;-1240.26;867.671
1312;-2511.66;-1240.98;867.671
1313;-2511.66;-1241.06;867.671
1314;-2511.66;-1242.79;867.671
1315;-2511.66;-1243.32;867.671
1316;-2511.66;-1245.46;720.156
1317;-2511.66;-1246.93;720.156
1318;-2511.66;-1248.14;720.156
1319;-2511.66;-1248.48;720.156
1320;-2511.66;-1249.45;720.156
1321;-2511.66;-1249.95;720.156
1322;-2511.66;-1250.04;720.156
1323;-2511.66;-1250.4;720.156
1324;-2511.66;-1250.89;720.156
1325;-2511.66;-1252.42;720.156
1326;-2511.66;-1253.54;720.156
1327;-2511.66;-1253.99;720.156
1328;-2511.66;-1254.42;720.156
1329;-2511.66;-1255.89;720.156
1330;-2511.66;-1257.01;720.156
1331;-2511.66;-1258.29;720.156
1332;-2511.66;-1258.78;720.156
1333;-2511.66;-1259.98;720.156
1334;-2511.66;-1261.48;720.156
1335;-2511.66;-1262.25;720.156
1336;-2511.66;-1263.22;720.156
1337;-2511.66;-1264.02;720.156
1338;-2511.66;-1264.31;720.156
1339;-2511.66;-1265.57;720.156
1340;-2511.66;-1266.11;720.156
1341;-2511.66;-1266.62;720.156
1342;-2511.66;-1267.46;720.156
1343;-2511.66;-1267.8;720.156
1344;-2511.66;-1268.72;720.156
1345;-2511.66;-1270.78;720.156
1346;-2511.66;-1272.22;720.156
1347;-2511.66;-1273.69;720.156
1348;-2511.66;-1274.95;720.156
1349;-2511.66;-1277;720.156
1350;-2511.66;-1277.73;720.156
1351;-2511.66;-1278.17;720.156
1352;-2511.66;-1278.94;720.156
1353;-2511.66;-1279.61;720.156
1354;-2511.66;-1279.61;720.156
1355;-2511.66;-1280.52;720.156
1356;-2511.66;-1281.38;720.156
1357;-2511.66;-1283.01;720.156
1358;-2511.66;-1283.44;720.156
1359;-2536.47;-1284.14;720.156
1360;-2536.47;-1286.84;720.156
1361;-2536.47;-1287.33;720.156
1362;-2536.47;-1288.5;720.156
1363;-2536.47;-1288.65;720.156
1364;-2536.47;-1289.74;720.156
1365;-2536.47;-1290.31;720.156
1366;-2536.47;-1291.51;720.156
1367;-2536.47;-1292.15;720.156
1368;-2536.47;-1292.87;720.156
1369;-2536.47;-1293.84;720.156
1370;-2536.47;-1294.08;720.156
1371;-2536.47;-1294.83;720.156
1372;-2536.47;-1295.86;720.156
1373;-2536.47;-1297.84;720.156
1374;-2536.47;-1299.46;720.156
1375;-2536.47;-1299.64;720.156
1376;-2536.47;-1301.59;720.156
1377;-2536.47;-1302.23;720.156
1378;-2536.47;-1303.28;720.156
1379;-2536.47;-1303.41;720.156
1380;-2536.47;-1304.9;720.156
1381;-2536.47;-1304.96;720.156
1382;-2536.47;-1305.02;720.156
1383;-2536.47;-1306.19;720.156
1384;-2536.47;-1307.34;720.156
1385;-2536.47;-1309.73;720.156
1386;-2536.47;-1311.1;720.156
1387;-2536.47;-1311.88;720.156
1388;-2536.47;-1312.89;720.156
1389;-2536.47;-1313.36;720.156
1390;-2536.47;-1314.09;720.156
1391;-2536.47;-1315.38;720.156
1392;-2536.47;-1316.49;720.156
1393;-2536.47;-1317.68;720.156
1394;-2536.47;-1318.99;720.156
1395;-2536.47;-1319.4;720.156
1396;-2536.47;-1320.22;720.156
1397;-2536.47;-1321.25;720.156
1398;-2536.47;-1321.25;720.156
1399;-2536.47;-1321.82;720.156
1400;-2536.47;-1321.92;720.156
1401;-2536.47;-1322.48;720.156
1402;-2536.47;-1324.46;720.156
1403;-2536.47;-1325.21;720.156
1404;-2536.47;-1326.12;720.156
1405;-2536.47;-1326.4;720.156
1406;-2536.47;-1327.01;720.156
1407;-2536.47;-1327.97;720.156
1408;-2536.47;-1329.01;720.156
1409;-2536.47;-1331.48;720.156
1410;-2536.47;-1332.59;720.156
1411;-2536.47;-1332.89;713.812
1412;-2536.47;-1333.44;713.812
1413;-2536.47;-1333.47;713.812
1414;-2536.47;-1334.61;713.812
1415;-2536.47;-1334.77;713.812
1416;-2536.47;-1336.12;713.812
1417;-2536.47;-1336.6;713.812
1418;-2536.47;-1336.92;713.812
1419;-2536.47;-1339;713.812
1420;-2536.47;-1339.44;713.812
1421;-2536.47;-1340.53;713.812
1422;-2536.47;-1342.48;713.812
1423;-2536.47;-1342.66;713.812
1424;-2536.47;-1343.75;713.812
1425;-2536.47;-1344.16;713.812
1426;-2536.47;-1344.92;713.812
1427;-2536.47;-1345.53;713.812
1428;-2536.47;-1346.54;713.812
1429;-2536.47;-1347.48;713.812
1430;-2536.47;-1348.38;713.812
1431;-2536.47;-1348.6;713.812
1432;-2536.47;-1350.01;713.812
1433;-2536.47;-1351.45;713.812
1434;-2536.47;-1351.81;713.812
1435;-2536.47;-1352.22;713.812
1436;-2536.47;-1352.52;713.812
1437;-2536.47;-1353.54;713.812
1438;-2536.47;-1353.85;713.812
1439;-2536.47;-1354.53;713.812
1440;-2536.47;-1355.5;713.812
1441;-2536.47;-1356.1;713.812
1442;-2536.47;-1356.43;713.812
1443;-2536.47;-1356.7;713.812
1444;-2536.47;-1357.18;713.812
1445;-2536.47;-1357.9;713.812
1446;-2536.47;-1359.09;713.812
1447;-2536.47;-1359.65;713.812
1448;-2536.47;-1360.32;713.812
1449;-2536.47;-1362.51;713.812
1450;-2536.47;-1363.14;713.812
1451;-2536.47;-1364.24;713.812
1452;-2536.47;-1364.94;713.812
1453;-2536.47;-1365.52;713.812
1454;-2536.47;-1367.5;713.812
1455;-2536.47;-1367.72;713.812
1456;-2536.47;-1367.98;713.812
1457;-2536.47;-1369.35;713.812
1458;-2536.47;-1369.87;713.812
1459;-2536.47;-1370.14;713.812
1460;-2536.47;-1371.19;713.812
1461;-2536.47;-1372.36;713.812
1462;-2536.47;-1372.72;713.812
1463;-2536.47;-1373.58;713.812
1464;-2536.47;-1375.17;713.812
1465;-2536.47;-1375.78;713.812
1466;-2536.47;-1376.15;713.812
1467;-2536.47;-1376.51;713.812
1468;-2536.47;-1377.97;713.812
1469;-2536.47;-1379.84;713.812
1470;-2536.47;-1380.56;713.812
1471;-2536.47;-1380.88;713.812
1472;-2536.47;-1381.33;713.812
1473;-2536.47;-1381.79;713.812
1474;-2536.47;-1383.06;713.812
1475;-2536.47;-1383.37;713.812
1476;-2536.47;-1384.23;713.812
1477;-2536.47;-1384.95;713.812
1478;-2536.47;-1385.04;713.812
1479;-2536.47;-1385.61;713.812
1480;-2536.47;-1385.66;713.812
1481;-2536.47;-1386.93;713.812
1482;-2536.47;-1387.24;713.812
1483;-2536.47;-1387.5;713.812
1484;-2536.47;-1388.3;713.812
1485;-2536.47;-1388.39;713.812
1486;-2536.47;-1388.39;713.812
1487;-2536.47;-1389.89;713.812
1488;-2536.47;-1390.05;713.812
1489;-2536.47;-1390.89;713.812
1490;-2536.47;-1391.42;713.812
1491;-2536.47;-1391.59;713.812
1492;-2536.47;-1392.05;713.812
1493;-2536.47;-1393.01;713.812
1494;-2536.47;-1393.4;713.812
1495;-2536.47;-1394.1;713.812
1496;-2536.47;-1395.1;713.812
1497;-2536.47;-1395.38;713.812
1498;-2536.47;-1396.21;713.812
1499;-2536.47;-1396.46;713.812
1500;-2536.47;-1396.75;713.812
1501;-2536.47;-1397.72;713.812
1502;-2536.47;-1398.43;713.812
1503;-2536.47;-1398.61;713.812
1504;-2536.47;-1399.26;713.812
1505;-2536.47;-1399.85;713.812
1506;-2536.47;-1400.6;713.812
1507;-2536.47;-1400.76;713.812
1508;-2536.47;-1401.6;713.812
1509;-2536.47;-1402.9;713.812
1510;-2536.47;-1403.13;713.812
1511;-2536.47;-1403.46;713.812
1512;-2536.47;-1403.86;713.812
1513;-2536.47;-1403.91;713.812
1514;-2536.47;-1405.73;713.812
1515;-2536.47;-1406.81;713.812
1516;-2536.47;-1407.23;713.812
1517;-2536.47;-1407.75;713.812
1518;-2536.47;-1408.35;713.812
1519;-2536.47;-1408.98;713.812
1520;-2536.47;-1410.9;713.812
1521;-2536.47;-1411.43;713.812
1522;-2536.47;-1411.98;713.812
1523;-2536.47;-1412.11;713.812
1524;-2536.47;-1413;713.812
1525;-2536.47;-1413.91;713.812
1526;-2536.47;-1414.02;713.812
1527;-2536.47;-1415.15;713.812
1528;-2536.47;-1415.38;713.812
1529;-2536.47;-1415.63;713.812
1530;-2536.47;-1417.01;713.812
1531;-2536.47;-1417.81;713.812
1532;-2536.47;-1418.27;713.812
1533;-2536.47;-1419.24;713.812
1534;-2536.47;-1419.61;713.812
1535;-2536.47;-1420.66;713.812
1536;-2536.47;-1420.75;713.812
1537;-2536.47;-1421.31;713.812
1538;-2536.47;-1421.37;713.812
1539;-2536.47;-1422.67;713.812
1540;-2536.47;-1423.65;713.812
1541;-2536.47;-1424.53;713.812
1542;-2536.47;-1425.25;713.812
1543;-2536.47;-1425.63;713.812
1544;-2536.47;-1425.91;713.812
1545;-2536.47;-1426.06;713.812
1546;-2536.47;-1426.38;713.812
1547;-2536.47;-1427.62;713.812
1548;-2536.47;-1429.29;713.812
1549;-2536.47;-1429.76;713.812
1550;-2536.47;-1429.86;713.812
1551;-2536.47;-1430.4;713.812
1552;-2536.47;-1430.63;713.812
1553;-2536.47;-1432.53;713.812
1554;-2536.47;-1432.62;713.812
1555;-2536.47;-1433.48;713.812
1556;-2536.47;-1434.39;713.812
1557;-2536.47;-1435.38;713.812
1558;-2536.47;-1436.2;713.812
1559;-2536.47;-1436.51;713.812
1560;-2536.47;-1437.22;713.812
1561;-2536.47;-1438.52;713.812
1562;-2536.47;-1440.18;713.812
1563;-2536.47;-1440.45;713.812
1564;-2536.47;-1440.64;709.68
1565;-2536.47;-1440.89;709.68
1566;-2536.47;-1442.69;709.68
1567;-2536.47;-1444.48;709.68
1568;-2536.47;-1446.14;709.68
1569;-2536.47;-1447.15;709.68
1570;-2536.47;-1447.57;709.68
1571;-2536.47;-1448.45;709.68
1572;-2536.47;-1449.11;709.68
1573;-2536.47;-1449.3;709.68
1574;-2540.33;-1450;709.68
1575;-2540.33;-1450.6;709.68
1576;-2540.33;-1451.6;709.68
1577;-2540.33;-1452.24;709.68
1578;-2540.33;-1452.67;709.68
1579;-2540.33;-1453.25;709.68
1580;-2540.33;-1453.41;709.68
1581;-2540.33;-1453.88;709.68
1582;-2540.33;-1454.36;709.68
1583;-2540.33;-1456.76;709.68
1584;-2540.33;-1457.58;709.68
1585;-2540.33;-1458.11;709.68
1586;-2540.33;-1458.24;709.68
1587;-2540.33;-1458.65;709.68
1588;-2540.33;-1459.07;709.68
1589;-2540.33;-1459.14;709.68
1590;-2540.33;-1459.96;709.68
1591;-2540.33;-1460.21;709.68
1592;-2540.33;-1460.94;709.68
1593;-2540.33;-1462.16;709.68
1594;-2540.33;-1462.48;709.68
1595;-2540.33;-1463.52;709.68
1596;-2540.33;-1464.01;709.68
1597;-2540.33;-1465.54;709.68
1598;-2540.33;-1466.4;709.68
1599;-2540.33;-1468.21;709.68
1600;-2540.33;-1469.95;709.68
1601;-2540.33;-1470.53;709.68
1602;-2540.33;-1470.91;621.995
1603;-2540.33;-1471.75;621.995
1604;-2540.33;-1472.33;621.995
1605;-2540.33;-1472.65;621.995
1606;-2540.33;-1473.11;621.995
1607;-2540.33;-1474.13;621.995
1608;-2540.33;-1474.36;607.092
1609;-2540.33;-1475.12;607.092
1610;-2540.33;-1476.25;607.092
1611;-2540.33;-1476.47;607.092
1612;-2540.33;-1476.54;607.092
1613;-2540.33;-1476.84;607.092
1614;-2540.33;-1477.26;607.092
1615;-2540.33;-1477.37;607.092
1616;-2540.33;-1478.35;607.092
1617;-2540.33;-1478.44;607.092
1618;-2540.33;-1479.21;607.092
1619;-2540.33;-1479.71;607.092
1620;-2540.33;-1480.96;607.092
1621;-2540.33;-1481.79;607.092
1622;-2540.33;-1482.9;607.092
1623;-2540.33;-1483.09;607.092
1624;-2540.33;-1483.45;607.092
1625;-2540.33;-1483.93;607.092
1626;-2540.33;-1484.02;607.092
1627;-2540.33;-1484.03;607.092
1628;-2540.33;-1484.18;607.092
1629;-2540.33;-1485.07;607.092
1630;-2540.33;-1486.54;607.092
1631;-2540.33;-1487.15;607.092
1632;-2540.33;-1488.07;607.092
1633;-2540.33;-1488.46;607.092
1634;-2540.33;-1489.56;607.092
1635;-2540.33;-1490.06;607.092
1636;-2540.33;-1490.7;607.092
1637;-2540.33;-1490.86;607.092
1638;-2540.33;-1491.5;607.092
1639;-2540.33;-1492.21;607.092
1640;-2540.33;-1492.96;607.092
1641;-2540.33;-1494.8;607.092
1642;-2540.33;-1495.86;607.092
1643;-2540.33;-1495.92;607.092
1644;-2540.33;-1496.54;607.092
1645;-2540.33;-1497.55;607.092
1646;-2540.33;-1497.87;607.092
1647;-2540.33;-1498.73;607.092
1648;-2540.33;-1499.42;607.092
1649;-2540.33;-1499.74;607.092
1650;-2540.33;-1501.6;607.092
1651;-2540.33;-1501.71;607.092
1652;-2540.33;-1501.81;607.092
1653;-2540.33;-1502.31;607.092
1654;-2540.33;-1502.35;607.092
1655;-2540.33;-1502.77;607.092
1656;-2540.33;-1504.52;607.092
1657;-2540.33;-1505.16;607.092
1658;-2540.33;-1506.3;607.092
1659;-2540.33;-1508.5;607.092
1660;-2540.33;-1508.84;607.092
1661;-2540.33;-1510.24;607.092
1662;-2540.33;-1511.37;607.092
1663;-2540.33;-1511.63;607.092
1664;-2540.33;-1511.9;607.092
1665;-2540.33;-1512.18;607.092
1666;-2540.33;-1513.13;607.092
1667;-2540.33;-1513.68;607.092
1668;-2540.33;-1513.7;606.782
1669;-2540.33;-1514.27;606.782
1670;-2540.33;-1514.69;606.782
1671;-2540.33;-1515.25;606.782
1672;-2540.33;-1516.28;606.782
1673;-2540.33;-1516.77;606.782
1674;-2540.33;-1517.19;606.782
1675;-2540.33;-1517.69;606.782
1676;-2540.33;-1518.38;606.782
1677;-2540.33;-1519.23;606.782
1678;-2540.33;-1520.75;606.782
1679;-2692.19;-1522.84;606.782
1680;-2692.19;-1523.42;606.782
1681;-2692.19;-1523.97;606.782
1682;-2692.19;-1524.43;606.782
1683;-2692.19;-1525.4;606.782
1684;-2692.19;-1526.14;606.782
1685;-2692.19;-1526.85;606.782
1686;-2692.19;-1528.31;606.782
1687;-2692.19;-1528.76;606.782
1688;-2692.19;-1529.04;606.782
1689;-2692.19;-1529.21;606.782
1690;-2692.19;-1529.67;606.782
1691;-2692.19;-1529.73;606.782
1692;-2692.19;-1530.77;606.782
1693;-2692.19;-1531.03;606.782
1694;-2692.19;-1532.18;606.782
1695;-2692.19;-1532.8;606.782
1696;-2692.19;-1533.45;606.782
1697;-2692.19;-1534.1;606.782
1698;-2692.19;-1534.74;606.782
1699;-2692.19;-1536.53;606.782
1700;-2692.19;-1536.64;606.782
1701;-2692.19;-1537.37;606.782
1702;-2692.19;-1538.02;606.782
1703;-2692.19;-1538.18;606.782
1704;-2692.19;-1538.72;606.782
1705;-2692.19;-1539.32;606.782
1706;-2692.19;-1540.31;606.782
1707;-2692.19;-1540.44;595.502
1708;-2692.19;-1540.79;595.502
1709;-2692.19;-1542.05;595.502
1710;-2692.19;-1542.73;595.502
1711;-2692.19;-1543.3;595.502
1712;-2692.19;-1543.74;595.502
1713;-2692.19;-1544.07;595.502
1714;-2692.19;-1544.28;595.502
1715;-2692.19;-1544.57;595.502
1716;-2692.19;-1544.93;595.502
1717;-2692.19;-1545.17;595.502
1718;-2692.19;-1546.62;595.502
1719;-2692.19;-1550.05;595.502
1720;-2692.19;-1551.13;595.502
1721;-2692.19;-1551.4;595.502
1722;-2738.34;-1552.16;595.502
1723;-2738.34;-1554.94;595.502
1724;-2738.34;-1555.47;595.502
1725;-2738.34;-1556.14;595.502
1726;-2738.34;-1556.35;595.502
1727;-2738.34;-1557.8;595.502
1728;-2738.34;-1557.95;595.502
1729;-2738.34;-1559.1;595.502
1730;-2738.34;-1559.28;595.502
1731;-2738.34;-1559.63;595.502
1732;-2738.34;-1560.48;595.502
1733;-2738.34;-1562.09;595.502
1734;-2738.34;-1562.74;595.502
1735;-2738.34;-1562.81;595.502
1736;-2738.34;-1562.98;595.502
1737;-2738.34;-1563.04;595.502
1738;-2738.34;-1564.4;595.502
1739;-2738.34;-1564.76;595.502
1740;-2738.34;-1565.23;595.502
1741;-2738.34;-1565.43;595.502
1742;-2738.34;-1565.6;595.502
1743;-2738.34;-1566.05;595.502
1744;-2738.34;-1566.27;595.502
1745;-2738.34;-1566.93;595.502
1746;-2738.34;-1568.11;595.502
1747;-2738.34;-1568.67;595.502
1748;-2738.34;-1569.1;595.502
1749;-2738.34;-1569.26;595.502
1750;-2738.34;-1569.78;595.502
1751;-2738.34;-1570.63;595.502
1752;-2738.34;-1571;595.502
1753;-2738.34;-1571.68;595.502
1754;-2738.34;-1571.79;595.502
1755;-2738.34;-1572.25;595.502
1756;-2738.34;-1572.93;595.502
1757;-2738.34;-1573.03;595.502
1758;-2738.34;-1573.47;595.502
1759;-2738.34;-1573.62;595.502
1760;-2738.34;-1574.39;595.502
1761;-2738.34;-1574.51;595.502
1762;-2738.34;-1575.24;595.502
1763;-2738.34;-1576.06;595.502
1764;-2738.34;-1577.05;595.502
1765;-2738.34;-1577.16;595.502
1766;-2738.34;-1578.04;595.502
1767;-2738.34;-1578.04;595.502
1768;-2738.34;-1578.04;595.502
1769;-2738.34;-1578.84;595.502
1770;-2738.34;-1578.99;595.502
1771;-2738.34;-1578.99;595.502
1772;-2738.34;-1579.04;595.502
1773;-2740.86;-1580.18;595.502
1774;-2740.86;-1580.58;595.502
1775;-2740.86;-1580.77;595.502
1776;-2740.86;-1581.15;595.502
1777;-2740.86;-1582.4;595.502
1778;-2740.86;-1582.7;595.502
1779;-2740.86;-1583.61;595.502
1780;-2740.86;-1584.48;595.502
1781;-2740.86;-1585.16;595.502
1782;-2740.86;-1585.35;595.502
1783;-2740.86;-1585.51;595.502
1784;-2740.86;-1585.9;595.502
1785;-2740.86;-1586.24;595.502
1786;-2740.86;-1586.49;595.502
1787;-2740.86;-1586.59;595.502
1788;-2740.86;-1586.99;595.502
1789;-2740.86;-1588.34;595.502
1790;-2740.86;-1588.57;595.502
1791;-2740.86;-1589.18;595.502
1792;-2740.86;-1589.61;595.502
1793;-2740.86;-1589.97;595.502
1794;-2740.86;-1590.13;595.502
1795;-2740.86;-1590.13;595.502
1796;-2740.86;-1590.48;595.502
1797;-2740.86;-1590.49;595.502
1798;-2740.86;-1591.59;595.502
1799;-2740.86;-1591.81;595.502
1800;-2740.86;-1592.33;595.502
1801;-2740.86;-1592.34;595.502
1802;-2740.86;-1593.18;595.502
1803;-2740.86;-1594.1;595.502
1804;-2740.86;-1594.62;595.502
1805;-2740.86;-1595.04;595.502
1806;-2740.86;-1596.21;595.502
1807;-2740.86;-1597.4;595.502
1808;-2740.86;-1597.89;595.502
1809;-2740.86;-1598.22;595.502
1810;-2740.86;-1598.5;595.502
1811;-2740.86;-1599.07;595.502
1812;-2740.86;-1599.63;595.502
1813;-2740.86;-1600.02;595.502
1814;-2740.86;-1600.3;595.502
1815;-2740.86;-1601.22;595.502
1816;-2740.86;-1601.33;595.502
1817;-2740.86;-1602.23;595.502
1818;-2740.86;-1602.6;595.502
1819;-2740.86;-1603;595.502
1820;-2740.86;-1603.25;595.502
1821;-2740.86;-1603.27;595.502
1822;-2740.86;-1604.13;595.502
1823;-2740.86;-1604.7;595.502
1824;-2740.86;-1605.31;595.502
1825;-2740.86;-1605.53;595.502
1826;-2740.86;-1605.69;595.502
1827;-2740.86;-1606.52;595.502
1828;-2744.28;-1607.08;595.502
1829;-2744.28;-1607.68;595.502
1830;-2744.28;-1607.88;595.502
1831;-2744.28;-1608.52;595.502
1832;-2744.28;-1609.03;595.502
1833;-2744.28;-1609.2;595.502
